<?xml version="1.0" encoding="UTF-8"?><rss version="2.0"
	xmlns:content="http://purl.org/rss/1.0/modules/content/"
	xmlns:dc="http://purl.org/dc/elements/1.1/"
	xmlns:atom="http://www.w3.org/2005/Atom"
	xmlns:sy="http://purl.org/rss/1.0/modules/syndication/"
	
	>
<channel>
	<title>
	Comments on: Uganda now has zero admitted cases of Covid-19	</title>
	<atom:link href="https://f-musali.github.io/groupthirteen/index.php/2022/04/12/uganda-now-has-zero-admitted-cases-of-covid-19/feed/" rel="self" type="application/rss+xml" />
	<link>https://f-musali.github.io/groupthirteen/index.php/2022/04/12/uganda-now-has-zero-admitted-cases-of-covid-19/</link>
	<description>Your true source of news..</description>
	<lastBuildDate>Tue, 12 Apr 2022 06:00:45 +0000</lastBuildDate>
	<sy:updatePeriod>
	hourly	</sy:updatePeriod>
	<sy:updateFrequency>
	1	</sy:updateFrequency>
	<generator>https://wordpress.org/?v=5.9.3</generator>
</channel>
</rss>
