<?xml version="1.0" encoding="UTF-8"?><rss version="2.0"
	xmlns:content="http://purl.org/rss/1.0/modules/content/"
	xmlns:wfw="http://wellformedweb.org/CommentAPI/"
	xmlns:dc="http://purl.org/dc/elements/1.1/"
	xmlns:atom="http://www.w3.org/2005/Atom"
	xmlns:sy="http://purl.org/rss/1.0/modules/syndication/"
	xmlns:slash="http://purl.org/rss/1.0/modules/slash/"
	>

<channel>
	<title>Health &#8211; Group 13 News</title>
	<atom:link href="https://f-musali.github.io/groupthirteen/index.php/category/health/feed/" rel="self" type="application/rss+xml" />
	<link>https://f-musali.github.io/groupthirteen</link>
	<description>Your true source of news..</description>
	<lastBuildDate>Tue, 12 Apr 2022 06:00:45 +0000</lastBuildDate>
	<language>en-US</language>
	<sy:updatePeriod>
	hourly	</sy:updatePeriod>
	<sy:updateFrequency>
	1	</sy:updateFrequency>
	<generator>https://wordpress.org/?v=5.9.3</generator>

<image>
	<url>https://f-musali.github.io/groupthirteen/wp-content/uploads/2022/04/cropped-PngItem_1927144-32x32.png</url>
	<title>Health &#8211; Group 13 News</title>
	<link>https://f-musali.github.io/groupthirteen</link>
	<width>32</width>
	<height>32</height>
</image> 
	<item>
		<title>Uganda now has zero admitted cases of Covid-19</title>
		<link>https://f-musali.github.io/groupthirteen/index.php/2022/04/12/uganda-now-has-zero-admitted-cases-of-covid-19/</link>
					<comments>https://f-musali.github.io/groupthirteen/index.php/2022/04/12/uganda-now-has-zero-admitted-cases-of-covid-19/#respond</comments>
		
		<dc:creator><![CDATA[Group Thirteen]]></dc:creator>
		<pubDate>Tue, 12 Apr 2022 06:00:45 +0000</pubDate>
				<category><![CDATA[Health]]></category>
		<guid isPermaLink="false">https://f-musali.github.io/groupthirteen/?p=26</guid>

					<description><![CDATA[<p><img width="900" height="600" src="https://f-musali.github.io/groupthirteen/wp-content/uploads/2022/04/A-lady-getting-the-Covid-19-jab.jpg" class="attachment-post-thumbnail size-post-thumbnail wp-post-image" alt="" srcset="https://f-musali.github.io/groupthirteen/wp-content/uploads/2022/04/A-lady-getting-the-Covid-19-jab.jpg 900w, https://f-musali.github.io/groupthirteen/wp-content/uploads/2022/04/A-lady-getting-the-Covid-19-jab-300x200.jpg 300w, https://f-musali.github.io/groupthirteen/wp-content/uploads/2022/04/A-lady-getting-the-Covid-19-jab-768x512.jpg 768w" sizes="(max-width: 900px) 100vw, 900px" /></p>The Ministry of Health has revealed that the country now has zero active cases of Covid-19 admitted at any of its health facilities around the country. In a Covid-19 update that was provided on Monday, the ministry revealed that the country confirmed only 3 mild cases of Covid-19 on April 9, 2022. ADVERTISEMENT The cases [&#8230;]]]></description>
										<content:encoded><![CDATA[<p><img width="900" height="600" src="https://f-musali.github.io/groupthirteen/wp-content/uploads/2022/04/A-lady-getting-the-Covid-19-jab.jpg" class="attachment-post-thumbnail size-post-thumbnail wp-post-image" alt="" loading="lazy" srcset="https://f-musali.github.io/groupthirteen/wp-content/uploads/2022/04/A-lady-getting-the-Covid-19-jab.jpg 900w, https://f-musali.github.io/groupthirteen/wp-content/uploads/2022/04/A-lady-getting-the-Covid-19-jab-300x200.jpg 300w, https://f-musali.github.io/groupthirteen/wp-content/uploads/2022/04/A-lady-getting-the-Covid-19-jab-768x512.jpg 768w" sizes="(max-width: 900px) 100vw, 900px" /></p>
<p>The Ministry of Health has revealed that the country now has zero active cases of Covid-19 admitted at any of its health facilities around the country.</p>



<p>In a Covid-19 update that was provided on Monday, the ministry revealed that the country confirmed only 3 mild cases of Covid-19 on April 9, 2022.<a href="https://www.stanbicbank.co.ug/"> </a>ADVERTISEMENT</p>



<p>The cases were identified after 2,677 new Covid-19 tests that were conducted.</p>



<p>The cases, according to the ministry were two alerts from Kampala and Adjumani. The other case was identified from a truck driver from Amuru.<ins> https://ad.doubleclick.net/ddm/adi/N1480557.3185639NILEPOST/B25500986.332636749;dc_ver=85.249;dc_eid=40004000;sz=300&#215;250;u_sd=1;dc_adk=1063074895;ord=dexedz;dc_rfl=0,http%3A%2F%2Fnilepost.co.ug%2F2022%2F04%2F11%2Fuganda-now-has-zero-admitted-cases-of-covid-19%2F$0;xdt=0;crlt=0Ik_SPb4QM;sttr=1427;prcl=s </ins>ADVERTISEMENT</p>



<p>Since the pandemic first hit in 2020, the country has so far identified 163,996 cumulative cases.</p>



<p>100,200 patients have since recovered, while 3,596 people have succumbed to the Coronavirus, according to the Health Ministry data.</p>



<p>The number of active admitted cases in health facilities was reportedly zero as of April 9, 2022.</p>



<p>This is the first time that the country has no admitted cases of Covid-19 since the pandemic was first announced in March 2020.</p>



<p><strong>Covid Vaccination</strong></p>



<p>According to the data on the Ministry of Health website, 19,095,668 people have so far been vaccinated against Covid-19 with at least one dose.</p>
]]></content:encoded>
					
					<wfw:commentRss>https://f-musali.github.io/groupthirteen/index.php/2022/04/12/uganda-now-has-zero-admitted-cases-of-covid-19/feed/</wfw:commentRss>
			<slash:comments>0</slash:comments>
		
		
			</item>
	</channel>
</rss>
