<?xml version="1.0" encoding="UTF-8"?><rss version="2.0"
	xmlns:content="http://purl.org/rss/1.0/modules/content/"
	xmlns:wfw="http://wellformedweb.org/CommentAPI/"
	xmlns:dc="http://purl.org/dc/elements/1.1/"
	xmlns:atom="http://www.w3.org/2005/Atom"
	xmlns:sy="http://purl.org/rss/1.0/modules/syndication/"
	xmlns:slash="http://purl.org/rss/1.0/modules/slash/"
	>

<channel>
	<title>Sports &#8211; Group 13 News</title>
	<atom:link href="https://f-musali.github.io/groupthirteen/index.php/category/sports/feed/" rel="self" type="application/rss+xml" />
	<link>https://f-musali.github.io/groupthirteen</link>
	<description>Your true source of news..</description>
	<lastBuildDate>Tue, 12 Apr 2022 06:02:37 +0000</lastBuildDate>
	<language>en-US</language>
	<sy:updatePeriod>
	hourly	</sy:updatePeriod>
	<sy:updateFrequency>
	1	</sy:updateFrequency>
	<generator>https://wordpress.org/?v=5.9.3</generator>

<image>
	<url>https://f-musali.github.io/groupthirteen/wp-content/uploads/2022/04/cropped-PngItem_1927144-32x32.png</url>
	<title>Sports &#8211; Group 13 News</title>
	<link>https://f-musali.github.io/groupthirteen</link>
	<width>32</width>
	<height>32</height>
</image> 
	<item>
		<title>Shakedown and qualifying stages to be introduced for Pearl Rally</title>
		<link>https://f-musali.github.io/groupthirteen/index.php/2022/04/12/shakedown-and-qualifying-stages-to-be-introduced-for-pearl-rally/</link>
					<comments>https://f-musali.github.io/groupthirteen/index.php/2022/04/12/shakedown-and-qualifying-stages-to-be-introduced-for-pearl-rally/#respond</comments>
		
		<dc:creator><![CDATA[Group Thirteen]]></dc:creator>
		<pubDate>Tue, 12 Apr 2022 06:02:37 +0000</pubDate>
				<category><![CDATA[Sports]]></category>
		<guid isPermaLink="false">https://f-musali.github.io/groupthirteen/?p=29</guid>

					<description><![CDATA[<p><img width="750" height="420" src="https://f-musali.github.io/groupthirteen/wp-content/uploads/2022/04/Arthur-Blickk-cruises-behind-his-Mitsubishi-Evo-X-Courtesy-photo.jpeg" class="attachment-post-thumbnail size-post-thumbnail wp-post-image" alt="" srcset="https://f-musali.github.io/groupthirteen/wp-content/uploads/2022/04/Arthur-Blickk-cruises-behind-his-Mitsubishi-Evo-X-Courtesy-photo.jpeg 750w, https://f-musali.github.io/groupthirteen/wp-content/uploads/2022/04/Arthur-Blickk-cruises-behind-his-Mitsubishi-Evo-X-Courtesy-photo-300x168.jpeg 300w" sizes="(max-width: 750px) 100vw, 750px" /></p>As the Shell V-Power Pearl of Africa Uganda Rally (POAUR) marks its 24th instalment, the Federation of Uganda Motorsport Association (FMU) has promised to deliver an exhilarating experience for both the competitors and fans. According to the organisers, they will include a shakedown stage and a qualifying stage on the itinerary for the first time [&#8230;]]]></description>
										<content:encoded><![CDATA[<p><img width="750" height="420" src="https://f-musali.github.io/groupthirteen/wp-content/uploads/2022/04/Arthur-Blickk-cruises-behind-his-Mitsubishi-Evo-X-Courtesy-photo.jpeg" class="attachment-post-thumbnail size-post-thumbnail wp-post-image" alt="" loading="lazy" srcset="https://f-musali.github.io/groupthirteen/wp-content/uploads/2022/04/Arthur-Blickk-cruises-behind-his-Mitsubishi-Evo-X-Courtesy-photo.jpeg 750w, https://f-musali.github.io/groupthirteen/wp-content/uploads/2022/04/Arthur-Blickk-cruises-behind-his-Mitsubishi-Evo-X-Courtesy-photo-300x168.jpeg 300w" sizes="(max-width: 750px) 100vw, 750px" /></p>
<p>As the Shell V-Power Pearl of Africa Uganda Rally (POAUR) marks its 24th instalment, the Federation of Uganda Motorsport Association (FMU) has promised to deliver an exhilarating experience for both the competitors and fans.</p>



<p>According to the organisers, they will include a shakedown stage and a qualifying stage on the itinerary for the first time among several modern adoptions for the rally slated for May 6-8.<a href="https://www.stanbicbank.co.ug/"> </a>ADVERTISEMENT</p>



<p>The introduction of the two tests is expected to add fire works to the competition with fans getting a test of what is to come when the rally proper eventually gets underway.</p>



<p>Competitors will have an opportunity to test their machines with free practice runs at shakedown using competition speeds through a gazetted stage on Friday before they attempt to post qualifying times.<ins> https://ad.doubleclick.net/ddm/adi/N1480557.3185639NILEPOST/B25500986.332636749;dc_ver=85.249;dc_eid=40004001;sz=300&#215;250;u_sd=1;dc_adk=1063074895;ord=61gxb0;dc_rfl=0,http%3A%2F%2Fnilepost.co.ug%2F2022%2F04%2F07%2Fshakedown-and-qualifying-stages-to-be-introduced-for-pearl-rally%2F$0;xdt=0;crlt=8zWsa7VhAz;sttr=75;prcl=s </ins>ADVERTISEMENT</p>



<p>A Shakedown stage is a full-speed test on a route equivalent to the stages and is run before the official start of the rally.</p>



<p>It gives and opportunity for crews to test their competition cars and get a real feel for the nature of the route. The crews can then tune their cars to perform optimally in the prevailing conditions.</p>



<p>A shakedown stage is also a real bonus for spectators, as they can see their favourites at full speed several times before the official races begin.</p>



<p>Meanwhile, the qualifying stage will help determine the starting order for ARC competitors and other priority drivers on the first day of rally action.</p>



<p>Only the fastest five drivers from the qualifying stage will be allowed to take part in selecting their starting positions for Saturday.</p>



<p>The POAUR route is currently under modification from its initial design following a review of the internal operations of the Sugar Corporation of Uganda Limited (SCOUL), who had offered land for the routes.</p>



<p>Clerk of Course David Mayanja confirmed that there will be complete re-design of Shekhar Mehta and Mabira stages which constituted 45 percent of the rally as they passed through the operations area.</p>



<p>However, the Kasuku Tea stage which is the longest of the rally will remain intact, while they will now have to design another stage that will provide the shakedown and qualifying tests.</p>



<p>Entries for the rally were opened on April 1, with organisers capping the number of entrants to only 45.</p>



<p>Abbas Mayinja was the first competitor to enter the rally, with entries expected from Kenyan Karan Patel – winner of the ARC Equator Rally last weekend and Zambia’s Leroy Gomes among others.</p>



<p>The rally was last held in 2019 when Kenyan Singh Manvir Baryan defended his crown ahead of Uganda’s Arthur Blick.</p>
]]></content:encoded>
					
					<wfw:commentRss>https://f-musali.github.io/groupthirteen/index.php/2022/04/12/shakedown-and-qualifying-stages-to-be-introduced-for-pearl-rally/feed/</wfw:commentRss>
			<slash:comments>0</slash:comments>
		
		
			</item>
	</channel>
</rss>
