<?xml version="1.0" encoding="UTF-8"?><rss version="2.0"
	xmlns:content="http://purl.org/rss/1.0/modules/content/"
	xmlns:wfw="http://wellformedweb.org/CommentAPI/"
	xmlns:dc="http://purl.org/dc/elements/1.1/"
	xmlns:atom="http://www.w3.org/2005/Atom"
	xmlns:sy="http://purl.org/rss/1.0/modules/syndication/"
	xmlns:slash="http://purl.org/rss/1.0/modules/slash/"
	>

<channel>
	<title>Business &#8211; Group 13 News</title>
	<atom:link href="https://f-musali.github.io/groupthirteen/index.php/category/business/feed/" rel="self" type="application/rss+xml" />
	<link>https://f-musali.github.io/groupthirteen</link>
	<description>Your true source of news..</description>
	<lastBuildDate>Tue, 12 Apr 2022 05:58:15 +0000</lastBuildDate>
	<language>en-US</language>
	<sy:updatePeriod>
	hourly	</sy:updatePeriod>
	<sy:updateFrequency>
	1	</sy:updateFrequency>
	<generator>https://wordpress.org/?v=5.9.3</generator>

<image>
	<url>https://f-musali.github.io/groupthirteen/wp-content/uploads/2022/04/cropped-PngItem_1927144-32x32.png</url>
	<title>Business &#8211; Group 13 News</title>
	<link>https://f-musali.github.io/groupthirteen</link>
	<width>32</width>
	<height>32</height>
</image> 
	<item>
		<title>E-passport: Nearly half a million Ugandans cant’ fly out of country</title>
		<link>https://f-musali.github.io/groupthirteen/index.php/2022/04/12/e-passport-nearly-half-a-million-ugandans-cant-fly-out-of-country/</link>
					<comments>https://f-musali.github.io/groupthirteen/index.php/2022/04/12/e-passport-nearly-half-a-million-ugandans-cant-fly-out-of-country/#respond</comments>
		
		<dc:creator><![CDATA[Group Thirteen]]></dc:creator>
		<pubDate>Tue, 12 Apr 2022 05:58:15 +0000</pubDate>
				<category><![CDATA[Business]]></category>
		<guid isPermaLink="false">https://f-musali.github.io/groupthirteen/?p=23</guid>

					<description><![CDATA[<p><img width="420" height="370" src="https://f-musali.github.io/groupthirteen/wp-content/uploads/2022/04/passport-1.png" class="attachment-post-thumbnail size-post-thumbnail wp-post-image" alt="" srcset="https://f-musali.github.io/groupthirteen/wp-content/uploads/2022/04/passport-1.png 420w, https://f-musali.github.io/groupthirteen/wp-content/uploads/2022/04/passport-1-300x264.png 300w" sizes="(max-width: 420px) 100vw, 420px" /></p>Nearly half a million Ugandans can’t fly out of the country for not having renewed their old machine readable passports which were phased out on April, 4, 2022,  to the new electronic East African passports, the Ministry of Internal Affairs has revealed. In December 2018, the Ugandan government set January, 31, 2021 as the deadline [&#8230;]]]></description>
										<content:encoded><![CDATA[<p><img width="420" height="370" src="https://f-musali.github.io/groupthirteen/wp-content/uploads/2022/04/passport-1.png" class="attachment-post-thumbnail size-post-thumbnail wp-post-image" alt="" loading="lazy" srcset="https://f-musali.github.io/groupthirteen/wp-content/uploads/2022/04/passport-1.png 420w, https://f-musali.github.io/groupthirteen/wp-content/uploads/2022/04/passport-1-300x264.png 300w" sizes="(max-width: 420px) 100vw, 420px" /></p>
<p>Nearly half a million Ugandans can’t fly out of the country for not having renewed their old machine readable passports which were phased out on April, 4, 2022,  to the new electronic East African passports, the Ministry of Internal Affairs has revealed.</p>



<p>In December 2018, the Ugandan government set January, 31, 2021 as the deadline for phasing out of the old machine readable passports for the electronic East African passports.<a href="https://www.stanbicbank.co.ug/"> </a>ADVERTISEMENT</p>



<p>However, the deadline was extended to April,4, 2022 which expired last week.</p>



<p>Addressing journalists on Monday, the Ministry of Internal Affairs spokesperson, Simon Mundeyi explained that records indicate that a total of one million Ugandans were issued with the old machine readable passports but noted only 550,000 of these have applied for the new electronic East African passports.<ins> https://ad.doubleclick.net/ddm/adi/N1480557.3185639NILEPOST/B25500986.332636749;dc_ver=85.249;dc_eid=40004000;sz=300&#215;250;u_sd=1;dc_adk=1063074895;ord=r4s1rf;dc_rfl=0,http%3A%2F%2Fnilepost.co.ug%2F2022%2F04%2F11%2Fe-passport-nearly-half-a-million-ugandans-cant-fly-out-of-country%2F$0;xdt=0;crlt=DAjvr9oMdy;sttr=1266;prcl=s </ins>ADVERTISEMENT</p>



<p>“Our records indicate that 450,000 Ugandans have not renewed their old machine readable passports to the electronic East African passports,” Mundeyi told journalists.</p>



<p>“The old machine readable passports stopped being in use after the expiry of the April, 4, 2022 deadline.&nbsp; Ugandans with these old passports will not be allowed to fly out of the country. If you go to the airport(Entebbe), you will not be allowed to fly out of the country. Exit of the country will only be possible with the electronic East African passport.”</p>



<p>The Ministry of Internal Affairs spokesperson however said that the 450,000 Ugandans who are yet to renew their old machine readable passports can at any time renew them to ensure they get the electronic ones.</p>



<p>“Renewing of the old passports has not stopped. The process of phasing out of the old passports doesn’t mean we can’t issue new passports. Anyone can renew their old machine readable passports to new ones at any time they want. &nbsp;The 450,000 can at any time renew their old passports for new ones,”Mundeyi said.</p>



<p>“Ugandans only renew their passports when they have an upcoming flight out of the country. I want to believe that those who haven’t renewed their old machine readable passports to electronic ones see no hurry in renewing their passports and will do it when they have a flight.”</p>



<p><strong>EAC deadline</strong></p>



<p>The East African Community&nbsp;(EAC) last week extended the deadline for use of old passports to November 2022&nbsp;.</p>



<p>The decision to extend the deadline was passed by the council of ministers for members states during their 41st ordinary meeting at Arusha, Tanzania.</p>



<p>The move has seen many Ugandans especially those who are yet to renew their old machine readable passports to speak in tongues over the expiry of the deadly by the Ugandan government.</p>



<p>When asked whether the Ugandan government is not acting illegal by phasing out the old machine readable passports when the East African deadline is yet to expire, the Internal Affairs spokesperson said everything is done in accordance with the law.</p>



<p>“What we did by phasing out the old machine readable passports is not in any way contravening the provisions of the East African Community. The Ugandan government took a position to phase out the old passports earlier than what the EAC provided. We are doing it within the provisions of the EAC protocol,”Mundeyi said.</p>



<p>The Ministry of Internal Affairs spokesperson however noted that Ugandans abroad are allowed to return home using the old machine readable passports but noted these will have to renew them before they can fly back abroad.</p>
]]></content:encoded>
					
					<wfw:commentRss>https://f-musali.github.io/groupthirteen/index.php/2022/04/12/e-passport-nearly-half-a-million-ugandans-cant-fly-out-of-country/feed/</wfw:commentRss>
			<slash:comments>0</slash:comments>
		
		
			</item>
	</channel>
</rss>
