<?xml version="1.0" encoding="UTF-8"?><rss version="2.0"
	xmlns:content="http://purl.org/rss/1.0/modules/content/"
	xmlns:wfw="http://wellformedweb.org/CommentAPI/"
	xmlns:dc="http://purl.org/dc/elements/1.1/"
	xmlns:atom="http://www.w3.org/2005/Atom"
	xmlns:sy="http://purl.org/rss/1.0/modules/syndication/"
	xmlns:slash="http://purl.org/rss/1.0/modules/slash/"
	>

<channel>
	<title>Group 13 News</title>
	<atom:link href="https://f-musali.github.io/groupthirteen/index.php/feed/" rel="self" type="application/rss+xml" />
	<link>https://f-musali.github.io/groupthirteen</link>
	<description>Your true source of news..</description>
	<lastBuildDate>Tue, 12 Apr 2022 06:02:37 +0000</lastBuildDate>
	<language>en-US</language>
	<sy:updatePeriod>
	hourly	</sy:updatePeriod>
	<sy:updateFrequency>
	1	</sy:updateFrequency>
	<generator>https://wordpress.org/?v=5.9.3</generator>

<image>
	<url>https://f-musali.github.io/groupthirteen/wp-content/uploads/2022/04/cropped-PngItem_1927144-32x32.png</url>
	<title>Group 13 News</title>
	<link>https://f-musali.github.io/groupthirteen</link>
	<width>32</width>
	<height>32</height>
</image> 
	<item>
		<title>Shakedown and qualifying stages to be introduced for Pearl Rally</title>
		<link>https://f-musali.github.io/groupthirteen/index.php/2022/04/12/shakedown-and-qualifying-stages-to-be-introduced-for-pearl-rally/</link>
					<comments>https://f-musali.github.io/groupthirteen/index.php/2022/04/12/shakedown-and-qualifying-stages-to-be-introduced-for-pearl-rally/#respond</comments>
		
		<dc:creator><![CDATA[Group Thirteen]]></dc:creator>
		<pubDate>Tue, 12 Apr 2022 06:02:37 +0000</pubDate>
				<category><![CDATA[Sports]]></category>
		<guid isPermaLink="false">https://f-musali.github.io/groupthirteen/?p=29</guid>

					<description><![CDATA[<p><img width="750" height="420" src="https://f-musali.github.io/groupthirteen/wp-content/uploads/2022/04/Arthur-Blickk-cruises-behind-his-Mitsubishi-Evo-X-Courtesy-photo.jpeg" class="attachment-post-thumbnail size-post-thumbnail wp-post-image" alt="" srcset="https://f-musali.github.io/groupthirteen/wp-content/uploads/2022/04/Arthur-Blickk-cruises-behind-his-Mitsubishi-Evo-X-Courtesy-photo.jpeg 750w, https://f-musali.github.io/groupthirteen/wp-content/uploads/2022/04/Arthur-Blickk-cruises-behind-his-Mitsubishi-Evo-X-Courtesy-photo-300x168.jpeg 300w" sizes="(max-width: 750px) 100vw, 750px" /></p>As the Shell V-Power Pearl of Africa Uganda Rally (POAUR) marks its 24th instalment, the Federation of Uganda Motorsport Association (FMU) has promised to deliver an exhilarating experience for both the competitors and fans. According to the organisers, they will include a shakedown stage and a qualifying stage on the itinerary for the first time [&#8230;]]]></description>
										<content:encoded><![CDATA[<p><img width="750" height="420" src="https://f-musali.github.io/groupthirteen/wp-content/uploads/2022/04/Arthur-Blickk-cruises-behind-his-Mitsubishi-Evo-X-Courtesy-photo.jpeg" class="attachment-post-thumbnail size-post-thumbnail wp-post-image" alt="" loading="lazy" srcset="https://f-musali.github.io/groupthirteen/wp-content/uploads/2022/04/Arthur-Blickk-cruises-behind-his-Mitsubishi-Evo-X-Courtesy-photo.jpeg 750w, https://f-musali.github.io/groupthirteen/wp-content/uploads/2022/04/Arthur-Blickk-cruises-behind-his-Mitsubishi-Evo-X-Courtesy-photo-300x168.jpeg 300w" sizes="(max-width: 750px) 100vw, 750px" /></p>
<p>As the Shell V-Power Pearl of Africa Uganda Rally (POAUR) marks its 24th instalment, the Federation of Uganda Motorsport Association (FMU) has promised to deliver an exhilarating experience for both the competitors and fans.</p>



<p>According to the organisers, they will include a shakedown stage and a qualifying stage on the itinerary for the first time among several modern adoptions for the rally slated for May 6-8.<a href="https://www.stanbicbank.co.ug/"> </a>ADVERTISEMENT</p>



<p>The introduction of the two tests is expected to add fire works to the competition with fans getting a test of what is to come when the rally proper eventually gets underway.</p>



<p>Competitors will have an opportunity to test their machines with free practice runs at shakedown using competition speeds through a gazetted stage on Friday before they attempt to post qualifying times.<ins> https://ad.doubleclick.net/ddm/adi/N1480557.3185639NILEPOST/B25500986.332636749;dc_ver=85.249;dc_eid=40004001;sz=300&#215;250;u_sd=1;dc_adk=1063074895;ord=61gxb0;dc_rfl=0,http%3A%2F%2Fnilepost.co.ug%2F2022%2F04%2F07%2Fshakedown-and-qualifying-stages-to-be-introduced-for-pearl-rally%2F$0;xdt=0;crlt=8zWsa7VhAz;sttr=75;prcl=s </ins>ADVERTISEMENT</p>



<p>A Shakedown stage is a full-speed test on a route equivalent to the stages and is run before the official start of the rally.</p>



<p>It gives and opportunity for crews to test their competition cars and get a real feel for the nature of the route. The crews can then tune their cars to perform optimally in the prevailing conditions.</p>



<p>A shakedown stage is also a real bonus for spectators, as they can see their favourites at full speed several times before the official races begin.</p>



<p>Meanwhile, the qualifying stage will help determine the starting order for ARC competitors and other priority drivers on the first day of rally action.</p>



<p>Only the fastest five drivers from the qualifying stage will be allowed to take part in selecting their starting positions for Saturday.</p>



<p>The POAUR route is currently under modification from its initial design following a review of the internal operations of the Sugar Corporation of Uganda Limited (SCOUL), who had offered land for the routes.</p>



<p>Clerk of Course David Mayanja confirmed that there will be complete re-design of Shekhar Mehta and Mabira stages which constituted 45 percent of the rally as they passed through the operations area.</p>



<p>However, the Kasuku Tea stage which is the longest of the rally will remain intact, while they will now have to design another stage that will provide the shakedown and qualifying tests.</p>



<p>Entries for the rally were opened on April 1, with organisers capping the number of entrants to only 45.</p>



<p>Abbas Mayinja was the first competitor to enter the rally, with entries expected from Kenyan Karan Patel – winner of the ARC Equator Rally last weekend and Zambia’s Leroy Gomes among others.</p>



<p>The rally was last held in 2019 when Kenyan Singh Manvir Baryan defended his crown ahead of Uganda’s Arthur Blick.</p>
]]></content:encoded>
					
					<wfw:commentRss>https://f-musali.github.io/groupthirteen/index.php/2022/04/12/shakedown-and-qualifying-stages-to-be-introduced-for-pearl-rally/feed/</wfw:commentRss>
			<slash:comments>0</slash:comments>
		
		
			</item>
		<item>
		<title>Uganda now has zero admitted cases of Covid-19</title>
		<link>https://f-musali.github.io/groupthirteen/index.php/2022/04/12/uganda-now-has-zero-admitted-cases-of-covid-19/</link>
					<comments>https://f-musali.github.io/groupthirteen/index.php/2022/04/12/uganda-now-has-zero-admitted-cases-of-covid-19/#respond</comments>
		
		<dc:creator><![CDATA[Group Thirteen]]></dc:creator>
		<pubDate>Tue, 12 Apr 2022 06:00:45 +0000</pubDate>
				<category><![CDATA[Health]]></category>
		<guid isPermaLink="false">https://f-musali.github.io/groupthirteen/?p=26</guid>

					<description><![CDATA[<p><img width="900" height="600" src="https://f-musali.github.io/groupthirteen/wp-content/uploads/2022/04/A-lady-getting-the-Covid-19-jab.jpg" class="attachment-post-thumbnail size-post-thumbnail wp-post-image" alt="" loading="lazy" srcset="https://f-musali.github.io/groupthirteen/wp-content/uploads/2022/04/A-lady-getting-the-Covid-19-jab.jpg 900w, https://f-musali.github.io/groupthirteen/wp-content/uploads/2022/04/A-lady-getting-the-Covid-19-jab-300x200.jpg 300w, https://f-musali.github.io/groupthirteen/wp-content/uploads/2022/04/A-lady-getting-the-Covid-19-jab-768x512.jpg 768w" sizes="(max-width: 900px) 100vw, 900px" /></p>The Ministry of Health has revealed that the country now has zero active cases of Covid-19 admitted at any of its health facilities around the country. In a Covid-19 update that was provided on Monday, the ministry revealed that the country confirmed only 3 mild cases of Covid-19 on April 9, 2022. ADVERTISEMENT The cases [&#8230;]]]></description>
										<content:encoded><![CDATA[<p><img width="900" height="600" src="https://f-musali.github.io/groupthirteen/wp-content/uploads/2022/04/A-lady-getting-the-Covid-19-jab.jpg" class="attachment-post-thumbnail size-post-thumbnail wp-post-image" alt="" loading="lazy" srcset="https://f-musali.github.io/groupthirteen/wp-content/uploads/2022/04/A-lady-getting-the-Covid-19-jab.jpg 900w, https://f-musali.github.io/groupthirteen/wp-content/uploads/2022/04/A-lady-getting-the-Covid-19-jab-300x200.jpg 300w, https://f-musali.github.io/groupthirteen/wp-content/uploads/2022/04/A-lady-getting-the-Covid-19-jab-768x512.jpg 768w" sizes="(max-width: 900px) 100vw, 900px" /></p>
<p>The Ministry of Health has revealed that the country now has zero active cases of Covid-19 admitted at any of its health facilities around the country.</p>



<p>In a Covid-19 update that was provided on Monday, the ministry revealed that the country confirmed only 3 mild cases of Covid-19 on April 9, 2022.<a href="https://www.stanbicbank.co.ug/"> </a>ADVERTISEMENT</p>



<p>The cases were identified after 2,677 new Covid-19 tests that were conducted.</p>



<p>The cases, according to the ministry were two alerts from Kampala and Adjumani. The other case was identified from a truck driver from Amuru.<ins> https://ad.doubleclick.net/ddm/adi/N1480557.3185639NILEPOST/B25500986.332636749;dc_ver=85.249;dc_eid=40004000;sz=300&#215;250;u_sd=1;dc_adk=1063074895;ord=dexedz;dc_rfl=0,http%3A%2F%2Fnilepost.co.ug%2F2022%2F04%2F11%2Fuganda-now-has-zero-admitted-cases-of-covid-19%2F$0;xdt=0;crlt=0Ik_SPb4QM;sttr=1427;prcl=s </ins>ADVERTISEMENT</p>



<p>Since the pandemic first hit in 2020, the country has so far identified 163,996 cumulative cases.</p>



<p>100,200 patients have since recovered, while 3,596 people have succumbed to the Coronavirus, according to the Health Ministry data.</p>



<p>The number of active admitted cases in health facilities was reportedly zero as of April 9, 2022.</p>



<p>This is the first time that the country has no admitted cases of Covid-19 since the pandemic was first announced in March 2020.</p>



<p><strong>Covid Vaccination</strong></p>



<p>According to the data on the Ministry of Health website, 19,095,668 people have so far been vaccinated against Covid-19 with at least one dose.</p>
]]></content:encoded>
					
					<wfw:commentRss>https://f-musali.github.io/groupthirteen/index.php/2022/04/12/uganda-now-has-zero-admitted-cases-of-covid-19/feed/</wfw:commentRss>
			<slash:comments>0</slash:comments>
		
		
			</item>
		<item>
		<title>E-passport: Nearly half a million Ugandans cant’ fly out of country</title>
		<link>https://f-musali.github.io/groupthirteen/index.php/2022/04/12/e-passport-nearly-half-a-million-ugandans-cant-fly-out-of-country/</link>
					<comments>https://f-musali.github.io/groupthirteen/index.php/2022/04/12/e-passport-nearly-half-a-million-ugandans-cant-fly-out-of-country/#respond</comments>
		
		<dc:creator><![CDATA[Group Thirteen]]></dc:creator>
		<pubDate>Tue, 12 Apr 2022 05:58:15 +0000</pubDate>
				<category><![CDATA[Business]]></category>
		<guid isPermaLink="false">https://f-musali.github.io/groupthirteen/?p=23</guid>

					<description><![CDATA[<p><img width="420" height="370" src="https://f-musali.github.io/groupthirteen/wp-content/uploads/2022/04/passport-1.png" class="attachment-post-thumbnail size-post-thumbnail wp-post-image" alt="" loading="lazy" srcset="https://f-musali.github.io/groupthirteen/wp-content/uploads/2022/04/passport-1.png 420w, https://f-musali.github.io/groupthirteen/wp-content/uploads/2022/04/passport-1-300x264.png 300w" sizes="(max-width: 420px) 100vw, 420px" /></p>Nearly half a million Ugandans can’t fly out of the country for not having renewed their old machine readable passports which were phased out on April, 4, 2022,  to the new electronic East African passports, the Ministry of Internal Affairs has revealed. In December 2018, the Ugandan government set January, 31, 2021 as the deadline [&#8230;]]]></description>
										<content:encoded><![CDATA[<p><img width="420" height="370" src="https://f-musali.github.io/groupthirteen/wp-content/uploads/2022/04/passport-1.png" class="attachment-post-thumbnail size-post-thumbnail wp-post-image" alt="" loading="lazy" srcset="https://f-musali.github.io/groupthirteen/wp-content/uploads/2022/04/passport-1.png 420w, https://f-musali.github.io/groupthirteen/wp-content/uploads/2022/04/passport-1-300x264.png 300w" sizes="(max-width: 420px) 100vw, 420px" /></p>
<p>Nearly half a million Ugandans can’t fly out of the country for not having renewed their old machine readable passports which were phased out on April, 4, 2022,  to the new electronic East African passports, the Ministry of Internal Affairs has revealed.</p>



<p>In December 2018, the Ugandan government set January, 31, 2021 as the deadline for phasing out of the old machine readable passports for the electronic East African passports.<a href="https://www.stanbicbank.co.ug/"> </a>ADVERTISEMENT</p>



<p>However, the deadline was extended to April,4, 2022 which expired last week.</p>



<p>Addressing journalists on Monday, the Ministry of Internal Affairs spokesperson, Simon Mundeyi explained that records indicate that a total of one million Ugandans were issued with the old machine readable passports but noted only 550,000 of these have applied for the new electronic East African passports.<ins> https://ad.doubleclick.net/ddm/adi/N1480557.3185639NILEPOST/B25500986.332636749;dc_ver=85.249;dc_eid=40004000;sz=300&#215;250;u_sd=1;dc_adk=1063074895;ord=r4s1rf;dc_rfl=0,http%3A%2F%2Fnilepost.co.ug%2F2022%2F04%2F11%2Fe-passport-nearly-half-a-million-ugandans-cant-fly-out-of-country%2F$0;xdt=0;crlt=DAjvr9oMdy;sttr=1266;prcl=s </ins>ADVERTISEMENT</p>



<p>“Our records indicate that 450,000 Ugandans have not renewed their old machine readable passports to the electronic East African passports,” Mundeyi told journalists.</p>



<p>“The old machine readable passports stopped being in use after the expiry of the April, 4, 2022 deadline.&nbsp; Ugandans with these old passports will not be allowed to fly out of the country. If you go to the airport(Entebbe), you will not be allowed to fly out of the country. Exit of the country will only be possible with the electronic East African passport.”</p>



<p>The Ministry of Internal Affairs spokesperson however said that the 450,000 Ugandans who are yet to renew their old machine readable passports can at any time renew them to ensure they get the electronic ones.</p>



<p>“Renewing of the old passports has not stopped. The process of phasing out of the old passports doesn’t mean we can’t issue new passports. Anyone can renew their old machine readable passports to new ones at any time they want. &nbsp;The 450,000 can at any time renew their old passports for new ones,”Mundeyi said.</p>



<p>“Ugandans only renew their passports when they have an upcoming flight out of the country. I want to believe that those who haven’t renewed their old machine readable passports to electronic ones see no hurry in renewing their passports and will do it when they have a flight.”</p>



<p><strong>EAC deadline</strong></p>



<p>The East African Community&nbsp;(EAC) last week extended the deadline for use of old passports to November 2022&nbsp;.</p>



<p>The decision to extend the deadline was passed by the council of ministers for members states during their 41st ordinary meeting at Arusha, Tanzania.</p>



<p>The move has seen many Ugandans especially those who are yet to renew their old machine readable passports to speak in tongues over the expiry of the deadly by the Ugandan government.</p>



<p>When asked whether the Ugandan government is not acting illegal by phasing out the old machine readable passports when the East African deadline is yet to expire, the Internal Affairs spokesperson said everything is done in accordance with the law.</p>



<p>“What we did by phasing out the old machine readable passports is not in any way contravening the provisions of the East African Community. The Ugandan government took a position to phase out the old passports earlier than what the EAC provided. We are doing it within the provisions of the EAC protocol,”Mundeyi said.</p>



<p>The Ministry of Internal Affairs spokesperson however noted that Ugandans abroad are allowed to return home using the old machine readable passports but noted these will have to renew them before they can fly back abroad.</p>
]]></content:encoded>
					
					<wfw:commentRss>https://f-musali.github.io/groupthirteen/index.php/2022/04/12/e-passport-nearly-half-a-million-ugandans-cant-fly-out-of-country/feed/</wfw:commentRss>
			<slash:comments>0</slash:comments>
		
		
			</item>
		<item>
		<title>OPINION: Putin and Russia are finished. Uganda must strategise to survive in a new world order</title>
		<link>https://f-musali.github.io/groupthirteen/index.php/2022/04/11/opinion-putin-and-russia-are-finished-uganda-must-strategise-to-survive-in-a-new-world-order/</link>
					<comments>https://f-musali.github.io/groupthirteen/index.php/2022/04/11/opinion-putin-and-russia-are-finished-uganda-must-strategise-to-survive-in-a-new-world-order/#respond</comments>
		
		<dc:creator><![CDATA[Group Thirteen]]></dc:creator>
		<pubDate>Mon, 11 Apr 2022 16:32:50 +0000</pubDate>
				<category><![CDATA[Politics]]></category>
		<guid isPermaLink="false">https://f-musali.github.io/groupthirteen/?p=18</guid>

					<description><![CDATA[<p><img width="960" height="640" src="https://f-musali.github.io/groupthirteen/wp-content/uploads/2022/04/74908744_1710170129118404_5230838715588280320_n.jpg" class="attachment-post-thumbnail size-post-thumbnail wp-post-image" alt="" loading="lazy" srcset="https://f-musali.github.io/groupthirteen/wp-content/uploads/2022/04/74908744_1710170129118404_5230838715588280320_n.jpg 960w, https://f-musali.github.io/groupthirteen/wp-content/uploads/2022/04/74908744_1710170129118404_5230838715588280320_n-300x200.jpg 300w, https://f-musali.github.io/groupthirteen/wp-content/uploads/2022/04/74908744_1710170129118404_5230838715588280320_n-768x512.jpg 768w" sizes="(max-width: 960px) 100vw, 960px" /></p>Invading another country has historically had unpleasant consequences for the invader, especially where the victim has powerful friends. Consider Hitler’s attack on Poland in 1939, Saddam Hussein’s attack on Kuwait in 1990 and Idi Amin’s attack on Tanzania in 1977. https://ad.doubleclick.net/ddm/adi/N1480557.3185639NILEPOST/B25500986.332636749;dc_ver=85.249;sz=300&#215;250;u_sd=1;dc_adk=1063074895;ord=tvmsn8;dc_rfl=0,http%3A%2F%2Fnilepost.co.ug%2F2022%2F04%2F11%2Fopinion-putin-and-russia-are-finished-uganda-must-strategise-to-survive-in-a-new-world-order%2Fcomment-page-1%2F%3Funapproved%3D8148%26moderation-hash%3D1f4673eb641439a29ae1e365631d9dab%23comment-8148$0;xdt=0;crlt=yS8G6Xv.7a;sttr=58;prcl=s ADVERTISEMENT The outcome of Putin’s invasion of Ukraine won’t be different, presenting us, Ugandans, [&#8230;]]]></description>
										<content:encoded><![CDATA[<p><img width="960" height="640" src="https://f-musali.github.io/groupthirteen/wp-content/uploads/2022/04/74908744_1710170129118404_5230838715588280320_n.jpg" class="attachment-post-thumbnail size-post-thumbnail wp-post-image" alt="" loading="lazy" srcset="https://f-musali.github.io/groupthirteen/wp-content/uploads/2022/04/74908744_1710170129118404_5230838715588280320_n.jpg 960w, https://f-musali.github.io/groupthirteen/wp-content/uploads/2022/04/74908744_1710170129118404_5230838715588280320_n-300x200.jpg 300w, https://f-musali.github.io/groupthirteen/wp-content/uploads/2022/04/74908744_1710170129118404_5230838715588280320_n-768x512.jpg 768w" sizes="(max-width: 960px) 100vw, 960px" /></p>
<p>Invading another country has historically had unpleasant consequences for the invader, especially where the victim has powerful friends.</p>



<p>Consider Hitler’s attack on Poland in 1939, Saddam Hussein’s attack on Kuwait in 1990 and Idi Amin’s attack on Tanzania in 1977.<ins> https://ad.doubleclick.net/ddm/adi/N1480557.3185639NILEPOST/B25500986.332636749;dc_ver=85.249;sz=300&#215;250;u_sd=1;dc_adk=1063074895;ord=tvmsn8;dc_rfl=0,http%3A%2F%2Fnilepost.co.ug%2F2022%2F04%2F11%2Fopinion-putin-and-russia-are-finished-uganda-must-strategise-to-survive-in-a-new-world-order%2Fcomment-page-1%2F%3Funapproved%3D8148%26moderation-hash%3D1f4673eb641439a29ae1e365631d9dab%23comment-8148$0;xdt=0;crlt=yS8G6Xv.7a;sttr=58;prcl=s </ins>ADVERTISEMENT</p>



<p>The outcome of Putin’s invasion of Ukraine won’t be different, presenting us, Ugandans, with a simple choice:</p>



<p>To continue agonising over former Speaker Oulanyah’s death, the colossal amount of money spent both on his burial and looking after his interests, and the tribal sentiments all these have aroused.</p>



<p>Or, to wake and start preparing to survive in the aftermath of the Tsunami, now building up and gaining momentum in Ukraine.</p>



<p>This Tsunami will sweep away the old order along with Russia, which has been a major player as one of the five nuclear-armed permanent members of the UN Security Council.</p>



<p>Where is the evidence?</p>



<p>In her press statement soon after the first UN General Assembly’s resolution deploring Russia’s invasion of Ukraine, the Black US Ambassador to the UN Ambassador Linda Thomas-Greenfield said of African countries:</p>



<p>“I think many of them (including Uganda) saw an abstention as being neutral. And there is no neutral ground here. There is no question”.</p>



<p>Yet, our presumptive future president, Lt.&nbsp;<em>Gen</em>.&nbsp;<em>Muhoozi</em>&nbsp;Kainerugaba, has made Uganda’s position even clearer than the diplomatically vague abstention votes at the UN.</p>



<p>In his 28<sup>th</sup> February 2022 tweet, which is being widely quoted in the international press, <em>Gen</em>.&nbsp;<em>M </em>Kainerugaba wrote, bluntly:</p>



<p>“The majority of mankind (that are non-white) support Russia’s stand in Ukraine. Putin is absolutely right!”</p>



<p>But the writing is on the wall – Putin and Russia will not survive for much longer, considering the increasing assaults on multiple fronts where every conceivable weapon is in used.</p>



<p>In the field, Ukraine has become a massive graveyard for smouldering Russian military equipment and dead soldiers; thanks to drones and other lethal weapons supplied by NATO countries.</p>



<p>In the diplomatic corridors, anti-Putin rhetoric palpable, the dominant subject being how to fracture Russia so comprehensively it will never invade any European country again. &nbsp;There is little interest in accelerating Russia EU membership.</p>



<p>In the financial world, everyone is calling for even more crippling sanctions on Russia, regardless of the cost to their domestic consumers.</p>



<p>In the airwaves, all western media houses are competing to outdo each other in demonising Putin and calling for an international arrest warrant to take him to The Hague.</p>



<p>In the cyber space, a group calling itself “Anonymous” is hacking into and taking over Russian TV stations, interrupting scheduled programmes and broadcasting anti-Putin slogans instead.</p>



<p>The cumulative effect of all these are unmistakable.</p>



<p>The Russian national economy will collapse, leading to violent riots in the streets, mutiny in the army, and the break-up of the country into its 34 constituent regions.</p>



<p>Consequently, Russia will lose its permanent seat at the UN Security Council. As a dress rehearsal, last week, Russia was suspended from the UN Human Rights Council.</p>



<p>War and international politics are zero-sum games. Therefore, Uganda and Africa should take advantage of Russia’s looming demise to claim the vacant seat at the UN Security Council.</p>



<p>Inevitably, that means dropping support for Russia and forging friendship with the winners.</p>



<p>Does anyone need us to name the winner in Russia-Ukraine war will be?</p>



<p>Sam Akaki</p>



<p>Apac sub-county, Maruzi county.</p>
]]></content:encoded>
					
					<wfw:commentRss>https://f-musali.github.io/groupthirteen/index.php/2022/04/11/opinion-putin-and-russia-are-finished-uganda-must-strategise-to-survive-in-a-new-world-order/feed/</wfw:commentRss>
			<slash:comments>0</slash:comments>
		
		
			</item>
	</channel>
</rss>
