<?xml version="1.0" encoding="UTF-8"?><rss version="2.0"
	xmlns:content="http://purl.org/rss/1.0/modules/content/"
	xmlns:wfw="http://wellformedweb.org/CommentAPI/"
	xmlns:dc="http://purl.org/dc/elements/1.1/"
	xmlns:atom="http://www.w3.org/2005/Atom"
	xmlns:sy="http://purl.org/rss/1.0/modules/syndication/"
	xmlns:slash="http://purl.org/rss/1.0/modules/slash/"
	>

<channel>
	<title>Politics &#8211; Group 13 News</title>
	<atom:link href="https://f-musali.github.io/groupthirteen/index.php/category/politics/feed/" rel="self" type="application/rss+xml" />
	<link>https://f-musali.github.io/groupthirteen</link>
	<description>Your true source of news..</description>
	<lastBuildDate>Mon, 11 Apr 2022 16:32:50 +0000</lastBuildDate>
	<language>en-US</language>
	<sy:updatePeriod>
	hourly	</sy:updatePeriod>
	<sy:updateFrequency>
	1	</sy:updateFrequency>
	<generator>https://wordpress.org/?v=5.9.3</generator>

<image>
	<url>https://f-musali.github.io/groupthirteen/wp-content/uploads/2022/04/cropped-PngItem_1927144-32x32.png</url>
	<title>Politics &#8211; Group 13 News</title>
	<link>https://f-musali.github.io/groupthirteen</link>
	<width>32</width>
	<height>32</height>
</image> 
	<item>
		<title>OPINION: Putin and Russia are finished. Uganda must strategise to survive in a new world order</title>
		<link>https://f-musali.github.io/groupthirteen/index.php/2022/04/11/opinion-putin-and-russia-are-finished-uganda-must-strategise-to-survive-in-a-new-world-order/</link>
					<comments>https://f-musali.github.io/groupthirteen/index.php/2022/04/11/opinion-putin-and-russia-are-finished-uganda-must-strategise-to-survive-in-a-new-world-order/#respond</comments>
		
		<dc:creator><![CDATA[Group Thirteen]]></dc:creator>
		<pubDate>Mon, 11 Apr 2022 16:32:50 +0000</pubDate>
				<category><![CDATA[Politics]]></category>
		<guid isPermaLink="false">https://f-musali.github.io/groupthirteen/?p=18</guid>

					<description><![CDATA[<p><img width="960" height="640" src="https://f-musali.github.io/groupthirteen/wp-content/uploads/2022/04/74908744_1710170129118404_5230838715588280320_n.jpg" class="attachment-post-thumbnail size-post-thumbnail wp-post-image" alt="" srcset="https://f-musali.github.io/groupthirteen/wp-content/uploads/2022/04/74908744_1710170129118404_5230838715588280320_n.jpg 960w, https://f-musali.github.io/groupthirteen/wp-content/uploads/2022/04/74908744_1710170129118404_5230838715588280320_n-300x200.jpg 300w, https://f-musali.github.io/groupthirteen/wp-content/uploads/2022/04/74908744_1710170129118404_5230838715588280320_n-768x512.jpg 768w" sizes="(max-width: 960px) 100vw, 960px" /></p>Invading another country has historically had unpleasant consequences for the invader, especially where the victim has powerful friends. Consider Hitler’s attack on Poland in 1939, Saddam Hussein’s attack on Kuwait in 1990 and Idi Amin’s attack on Tanzania in 1977. https://ad.doubleclick.net/ddm/adi/N1480557.3185639NILEPOST/B25500986.332636749;dc_ver=85.249;sz=300&#215;250;u_sd=1;dc_adk=1063074895;ord=tvmsn8;dc_rfl=0,http%3A%2F%2Fnilepost.co.ug%2F2022%2F04%2F11%2Fopinion-putin-and-russia-are-finished-uganda-must-strategise-to-survive-in-a-new-world-order%2Fcomment-page-1%2F%3Funapproved%3D8148%26moderation-hash%3D1f4673eb641439a29ae1e365631d9dab%23comment-8148$0;xdt=0;crlt=yS8G6Xv.7a;sttr=58;prcl=s ADVERTISEMENT The outcome of Putin’s invasion of Ukraine won’t be different, presenting us, Ugandans, [&#8230;]]]></description>
										<content:encoded><![CDATA[<p><img width="960" height="640" src="https://f-musali.github.io/groupthirteen/wp-content/uploads/2022/04/74908744_1710170129118404_5230838715588280320_n.jpg" class="attachment-post-thumbnail size-post-thumbnail wp-post-image" alt="" loading="lazy" srcset="https://f-musali.github.io/groupthirteen/wp-content/uploads/2022/04/74908744_1710170129118404_5230838715588280320_n.jpg 960w, https://f-musali.github.io/groupthirteen/wp-content/uploads/2022/04/74908744_1710170129118404_5230838715588280320_n-300x200.jpg 300w, https://f-musali.github.io/groupthirteen/wp-content/uploads/2022/04/74908744_1710170129118404_5230838715588280320_n-768x512.jpg 768w" sizes="(max-width: 960px) 100vw, 960px" /></p>
<p>Invading another country has historically had unpleasant consequences for the invader, especially where the victim has powerful friends.</p>



<p>Consider Hitler’s attack on Poland in 1939, Saddam Hussein’s attack on Kuwait in 1990 and Idi Amin’s attack on Tanzania in 1977.<ins> https://ad.doubleclick.net/ddm/adi/N1480557.3185639NILEPOST/B25500986.332636749;dc_ver=85.249;sz=300&#215;250;u_sd=1;dc_adk=1063074895;ord=tvmsn8;dc_rfl=0,http%3A%2F%2Fnilepost.co.ug%2F2022%2F04%2F11%2Fopinion-putin-and-russia-are-finished-uganda-must-strategise-to-survive-in-a-new-world-order%2Fcomment-page-1%2F%3Funapproved%3D8148%26moderation-hash%3D1f4673eb641439a29ae1e365631d9dab%23comment-8148$0;xdt=0;crlt=yS8G6Xv.7a;sttr=58;prcl=s </ins>ADVERTISEMENT</p>



<p>The outcome of Putin’s invasion of Ukraine won’t be different, presenting us, Ugandans, with a simple choice:</p>



<p>To continue agonising over former Speaker Oulanyah’s death, the colossal amount of money spent both on his burial and looking after his interests, and the tribal sentiments all these have aroused.</p>



<p>Or, to wake and start preparing to survive in the aftermath of the Tsunami, now building up and gaining momentum in Ukraine.</p>



<p>This Tsunami will sweep away the old order along with Russia, which has been a major player as one of the five nuclear-armed permanent members of the UN Security Council.</p>



<p>Where is the evidence?</p>



<p>In her press statement soon after the first UN General Assembly’s resolution deploring Russia’s invasion of Ukraine, the Black US Ambassador to the UN Ambassador Linda Thomas-Greenfield said of African countries:</p>



<p>“I think many of them (including Uganda) saw an abstention as being neutral. And there is no neutral ground here. There is no question”.</p>



<p>Yet, our presumptive future president, Lt.&nbsp;<em>Gen</em>.&nbsp;<em>Muhoozi</em>&nbsp;Kainerugaba, has made Uganda’s position even clearer than the diplomatically vague abstention votes at the UN.</p>



<p>In his 28<sup>th</sup> February 2022 tweet, which is being widely quoted in the international press, <em>Gen</em>.&nbsp;<em>M </em>Kainerugaba wrote, bluntly:</p>



<p>“The majority of mankind (that are non-white) support Russia’s stand in Ukraine. Putin is absolutely right!”</p>



<p>But the writing is on the wall – Putin and Russia will not survive for much longer, considering the increasing assaults on multiple fronts where every conceivable weapon is in used.</p>



<p>In the field, Ukraine has become a massive graveyard for smouldering Russian military equipment and dead soldiers; thanks to drones and other lethal weapons supplied by NATO countries.</p>



<p>In the diplomatic corridors, anti-Putin rhetoric palpable, the dominant subject being how to fracture Russia so comprehensively it will never invade any European country again. &nbsp;There is little interest in accelerating Russia EU membership.</p>



<p>In the financial world, everyone is calling for even more crippling sanctions on Russia, regardless of the cost to their domestic consumers.</p>



<p>In the airwaves, all western media houses are competing to outdo each other in demonising Putin and calling for an international arrest warrant to take him to The Hague.</p>



<p>In the cyber space, a group calling itself “Anonymous” is hacking into and taking over Russian TV stations, interrupting scheduled programmes and broadcasting anti-Putin slogans instead.</p>



<p>The cumulative effect of all these are unmistakable.</p>



<p>The Russian national economy will collapse, leading to violent riots in the streets, mutiny in the army, and the break-up of the country into its 34 constituent regions.</p>



<p>Consequently, Russia will lose its permanent seat at the UN Security Council. As a dress rehearsal, last week, Russia was suspended from the UN Human Rights Council.</p>



<p>War and international politics are zero-sum games. Therefore, Uganda and Africa should take advantage of Russia’s looming demise to claim the vacant seat at the UN Security Council.</p>



<p>Inevitably, that means dropping support for Russia and forging friendship with the winners.</p>



<p>Does anyone need us to name the winner in Russia-Ukraine war will be?</p>



<p>Sam Akaki</p>



<p>Apac sub-county, Maruzi county.</p>
]]></content:encoded>
					
					<wfw:commentRss>https://f-musali.github.io/groupthirteen/index.php/2022/04/11/opinion-putin-and-russia-are-finished-uganda-must-strategise-to-survive-in-a-new-world-order/feed/</wfw:commentRss>
			<slash:comments>0</slash:comments>
		
		
			</item>
	</channel>
</rss>
